{
    "Ar36": {
        "error": 0.00017729994316386012, 
        "filter_outliers_dict": {
            "filter_outliers": true, 
            "iterations": 1, 
            "std_devs": 2
        }, 
        "fit": "Linear", 
        "value": 0.0043294687106233635
    }, 
    "Ar37": {
        "error": 0.009312402441153148, 
        "filter_outliers_dict": {
            "filter_outliers": true, 
            "iterations": 1, 
            "std_devs": 2
        }, 
        "fit": "linear", 
        "value": 1.9320625297699416
    }, 
    "Ar38": {
        "error": 0.003960982048934366, 
        "filter_outliers_dict": {
            "filter_outliers": true, 
            "iterations": 1, 
            "std_devs": 2
        }, 
        "fit": "linear", 
        "value": 0.03951856220094746
    }, 
    "Ar39": {
        "error": 0.01298852215501394, 
        "filter_outliers_dict": {
            "filter_outliers": true, 
            "iterations": 1, 
            "std_devs": 2
        }, 
        "fit": "Linear", 
        "value": 2.7444962993225155
    }, 
    "Ar40": {
        "error": 0.009638200397253487, 
        "filter_outliers_dict": {
            "filter_outliers": true, 
            "iterations": 1, 
            "std_devs": 2
        }, 
        "fit": "Linear", 
        "value": 6.534219655728064
    }, 
    "Ar41": {
        "error": 0.0045678072805892846, 
        "filter_outliers_dict": {
            "filter_outliers": true, 
            "iterations": 1, 
            "std_devs": 2
        }, 
        "fit": "Average", 
        "value": 0.07342917327278436
    }
}