{
    "Ar36": {
        "error": 0.0015277845226450335, 
        "filter_outliers_dict": {
            "filter_outliers": true, 
            "iterations": 1, 
            "std_devs": 2
        }, 
        "fit": "Linear", 
        "value": 0.45610658512602287
    }, 
    "Ar37": {
        "error": 0.009997969293606662, 
        "filter_outliers_dict": {
            "filter_outliers": true, 
            "iterations": 1, 
            "std_devs": 2
        }, 
        "fit": "linear", 
        "value": 1.8674022927829383
    }, 
    "Ar38": {
        "error": 0.004013336699051, 
        "filter_outliers_dict": {
            "filter_outliers": true, 
            "iterations": 1, 
            "std_devs": 2
        }, 
        "fit": "linear", 
        "value": 1.2651539217374546
    }, 
    "Ar39": {
        "error": 0.011516754248295367, 
        "filter_outliers_dict": {
            "filter_outliers": true, 
            "iterations": 1, 
            "std_devs": 2
        }, 
        "fit": "Linear", 
        "value": 2.2538093630791938
    }, 
    "Ar40": {
        "error": 0.023210249431588614, 
        "filter_outliers_dict": {
            "filter_outliers": true, 
            "iterations": 1, 
            "std_devs": 2
        }, 
        "fit": "Linear", 
        "value": 137.36023896613338
    }, 
    "Ar41": {
        "error": 0.005043436378262197, 
        "filter_outliers_dict": {
            "filter_outliers": true, 
            "iterations": 1, 
            "std_devs": 2
        }, 
        "fit": "Average", 
        "value": 0.08282465171722134
    }
}