{
    "Ar36": {
        "error": 0.00043757182155037194, 
        "filter_outliers_dict": {
            "filter_outliers": true, 
            "iterations": 1, 
            "std_devs": 2
        }, 
        "fit": "Linear", 
        "value": 0.03651557915654748
    }, 
    "Ar37": {
        "error": 0.009070956525629281, 
        "filter_outliers_dict": {
            "filter_outliers": true, 
            "iterations": 1, 
            "std_devs": 2
        }, 
        "fit": "linear", 
        "value": 0.34704886333368956
    }, 
    "Ar38": {
        "error": 0.0061881072848192446, 
        "filter_outliers_dict": {
            "filter_outliers": true, 
            "iterations": 1, 
            "std_devs": 2
        }, 
        "fit": "linear", 
        "value": 4.591052171155033
    }, 
    "Ar39": {
        "error": 0.041627886139377034, 
        "filter_outliers_dict": {
            "filter_outliers": true, 
            "iterations": 1, 
            "std_devs": 2
        }, 
        "fit": "Linear", 
        "value": 347.84247996044314
    }, 
    "Ar40": {
        "error": 0.06666320336161186, 
        "filter_outliers_dict": {
            "filter_outliers": true, 
            "iterations": 1, 
            "std_devs": 2
        }, 
        "fit": "Linear", 
        "value": 783.4832693937774
    }, 
    "Ar41": {
        "error": 0.004285437727516509, 
        "filter_outliers_dict": {
            "filter_outliers": true, 
            "iterations": 1, 
            "std_devs": 2
        }, 
        "fit": "Average", 
        "value": 0.10774336243176823
    }
}