{
    "Ar36": {
        "error": 0.000401207268072329, 
        "filter_outliers_dict": {
            "filter_outliers": true, 
            "iterations": 1, 
            "std_devs": 2
        }, 
        "fit": "Linear", 
        "value": 0.030320918716586737
    }, 
    "Ar37": {
        "error": 0.010192671062056586, 
        "filter_outliers_dict": {
            "filter_outliers": true, 
            "iterations": 1, 
            "std_devs": 2
        }, 
        "fit": "linear", 
        "value": 3.9929427543875766
    }, 
    "Ar38": {
        "error": 0.004353637580261432, 
        "filter_outliers_dict": {
            "filter_outliers": true, 
            "iterations": 1, 
            "std_devs": 2
        }, 
        "fit": "linear", 
        "value": 0.054268091118874644
    }, 
    "Ar39": {
        "error": 0.0114075463264939, 
        "filter_outliers_dict": {
            "filter_outliers": true, 
            "iterations": 1, 
            "std_devs": 2
        }, 
        "fit": "Linear", 
        "value": 3.0509711765293495
    }, 
    "Ar40": {
        "error": 0.01050603203532916, 
        "filter_outliers_dict": {
            "filter_outliers": true, 
            "iterations": 1, 
            "std_devs": 2
        }, 
        "fit": "Linear", 
        "value": 14.418222766941945
    }, 
    "Ar41": {
        "error": 0.0052487595660750805, 
        "filter_outliers_dict": {
            "filter_outliers": true, 
            "iterations": 1, 
            "std_devs": 2
        }, 
        "fit": "Average", 
        "value": 0.0916824347863209
    }
}