{
    "Ar36": {
        "error": 0.00012484641386491314, 
        "filter_outliers_dict": {
            "filter_outliers": true, 
            "iterations": 1, 
            "std_devs": 2
        }, 
        "fit": "Linear", 
        "value": 0.002093302041984126
    }, 
    "Ar37": {
        "error": 0.01140529611286386, 
        "filter_outliers_dict": {
            "filter_outliers": true, 
            "iterations": 1, 
            "std_devs": 2
        }, 
        "fit": "linear", 
        "value": 0.17316150737241365
    }, 
    "Ar38": {
        "error": 0.004025390984241805, 
        "filter_outliers_dict": {
            "filter_outliers": true, 
            "iterations": 1, 
            "std_devs": 2
        }, 
        "fit": "linear", 
        "value": -0.0047561885686797836
    }, 
    "Ar39": {
        "error": 0.010770845294530143, 
        "filter_outliers_dict": {
            "filter_outliers": true, 
            "iterations": 1, 
            "std_devs": 2
        }, 
        "fit": "Linear", 
        "value": 0.04102873935705244
    }, 
    "Ar40": {
        "error": 0.0077690996752453854, 
        "filter_outliers_dict": {
            "filter_outliers": true, 
            "iterations": 1, 
            "std_devs": 2
        }, 
        "fit": "Linear", 
        "value": 0.48284699637217904
    }, 
    "Ar41": {
        "error": 0.005181348717095966, 
        "filter_outliers_dict": {
            "filter_outliers": true, 
            "iterations": 1, 
            "std_devs": 2
        }, 
        "fit": "Average", 
        "value": 0.08926795079231933
    }
}