{
    "Ar36": {
        "error": 0.00047953313959468887, 
        "filter_outliers_dict": {
            "filter_outliers": true, 
            "iterations": 1, 
            "std_devs": 2
        }, 
        "fit": "Linear", 
        "value": 0.046258296058172936
    }, 
    "Ar37": {
        "error": 0.010731240452280957, 
        "filter_outliers_dict": {
            "filter_outliers": true, 
            "iterations": 1, 
            "std_devs": 2
        }, 
        "fit": "linear", 
        "value": 4.632312551089016
    }, 
    "Ar38": {
        "error": 0.004095768043815567, 
        "filter_outliers_dict": {
            "filter_outliers": true, 
            "iterations": 1, 
            "std_devs": 2
        }, 
        "fit": "linear", 
        "value": 0.04799168424140829
    }, 
    "Ar39": {
        "error": 0.009754441463386504, 
        "filter_outliers_dict": {
            "filter_outliers": true, 
            "iterations": 1, 
            "std_devs": 2
        }, 
        "fit": "Linear", 
        "value": 2.559200855939425
    }, 
    "Ar40": {
        "error": 0.011013752832433587, 
        "filter_outliers_dict": {
            "filter_outliers": true, 
            "iterations": 1, 
            "std_devs": 2
        }, 
        "fit": "Linear", 
        "value": 18.217502158444596
    }, 
    "Ar41": {
        "error": 0.004563313193466417, 
        "filter_outliers_dict": {
            "filter_outliers": true, 
            "iterations": 1, 
            "std_devs": 2
        }, 
        "fit": "Average", 
        "value": 0.06139479657015493
    }
}