{
    "Ar36": {
        "error": 0.000242139371559516, 
        "filter_outliers_dict": {
            "filter_outliers": true, 
            "iterations": 1, 
            "std_devs": 2
        }, 
        "fit": "Linear", 
        "value": 0.012157725172299476
    }, 
    "Ar37": {
        "error": 0.01123896045057733, 
        "filter_outliers_dict": {
            "filter_outliers": true, 
            "iterations": 1, 
            "std_devs": 2
        }, 
        "fit": "linear", 
        "value": 9.059110779204623
    }, 
    "Ar38": {
        "error": 0.004798315899951218, 
        "filter_outliers_dict": {
            "filter_outliers": true, 
            "iterations": 1, 
            "std_devs": 2
        }, 
        "fit": "linear", 
        "value": 0.09198951197681249
    }, 
    "Ar39": {
        "error": 0.012363811827278338, 
        "filter_outliers_dict": {
            "filter_outliers": true, 
            "iterations": 1, 
            "std_devs": 2
        }, 
        "fit": "Linear", 
        "value": 6.801658341113547
    }, 
    "Ar40": {
        "error": 0.010344957015258264, 
        "filter_outliers_dict": {
            "filter_outliers": true, 
            "iterations": 1, 
            "std_devs": 2
        }, 
        "fit": "Linear", 
        "value": 15.554812014138614
    }, 
    "Ar41": {
        "error": 0.004127732297696395, 
        "filter_outliers_dict": {
            "filter_outliers": true, 
            "iterations": 1, 
            "std_devs": 2
        }, 
        "fit": "Average", 
        "value": 0.08401851555418031
    }
}