{
    "Ar36": {
        "error": 0.00015768901735760258, 
        "filter_outliers_dict": {
            "filter_outliers": true, 
            "iterations": 1, 
            "std_devs": 2
        }, 
        "fit": "Linear", 
        "value": 0.003103012153549159
    }, 
    "Ar37": {
        "error": 0.010522651794823673, 
        "filter_outliers_dict": {
            "filter_outliers": true, 
            "iterations": 1, 
            "std_devs": 2
        }, 
        "fit": "linear", 
        "value": 0.19957942105286283
    }, 
    "Ar38": {
        "error": 0.0049353700880209106, 
        "filter_outliers_dict": {
            "filter_outliers": true, 
            "iterations": 1, 
            "std_devs": 2
        }, 
        "fit": "linear", 
        "value": 0.0030538259210515606
    }, 
    "Ar39": {
        "error": 0.011016797776899174, 
        "filter_outliers_dict": {
            "filter_outliers": true, 
            "iterations": 1, 
            "std_devs": 2
        }, 
        "fit": "Linear", 
        "value": 0.07008399336657424
    }, 
    "Ar40": {
        "error": 0.00853922036825885, 
        "filter_outliers_dict": {
            "filter_outliers": true, 
            "iterations": 1, 
            "std_devs": 2
        }, 
        "fit": "Linear", 
        "value": 0.8010302672488023
    }, 
    "Ar41": {
        "error": 0.0047502087841483015, 
        "filter_outliers_dict": {
            "filter_outliers": true, 
            "iterations": 1, 
            "std_devs": 2
        }, 
        "fit": "Average", 
        "value": 0.06708432176322365
    }
}