{
    "Ar36": {
        "error": 0.00020862663033106965, 
        "filter_outliers_dict": {
            "filter_outliers": true, 
            "iterations": 1, 
            "std_devs": 2
        }, 
        "fit": "Linear", 
        "value": 0.006740363966559902
    }, 
    "Ar37": {
        "error": 0.009643424730783133, 
        "filter_outliers_dict": {
            "filter_outliers": true, 
            "iterations": 1, 
            "std_devs": 2
        }, 
        "fit": "linear", 
        "value": 4.249843099877367
    }, 
    "Ar38": {
        "error": 0.003881490534203908, 
        "filter_outliers_dict": {
            "filter_outliers": true, 
            "iterations": 1, 
            "std_devs": 2
        }, 
        "fit": "linear", 
        "value": 0.04621263674315163
    }, 
    "Ar39": {
        "error": 0.012097615604433499, 
        "filter_outliers_dict": {
            "filter_outliers": true, 
            "iterations": 1, 
            "std_devs": 2
        }, 
        "fit": "Linear", 
        "value": 3.283266308498211
    }, 
    "Ar40": {
        "error": 0.009713419594520238, 
        "filter_outliers_dict": {
            "filter_outliers": true, 
            "iterations": 1, 
            "std_devs": 2
        }, 
        "fit": "Linear", 
        "value": 7.695681313744753
    }, 
    "Ar41": {
        "error": 0.0042972286915854046, 
        "filter_outliers_dict": {
            "filter_outliers": true, 
            "iterations": 1, 
            "std_devs": 2
        }, 
        "fit": "Average", 
        "value": 0.08380149838922304
    }
}